<?xml version="1.0" encoding="UTF-8"?>
<!DOCTYPE suite SYSTEM "http://testng.org/testng-1.0.dtd">
<suite name="Analyst International Test Automation Suite" 
verbose="1" parallel="tests"
	thread-count="1" configfailurepolicy="continue">
	<test name="Analyst International Web Application Test" annotations="JDK"
		preserve-order="true">
		<listeners>
		<listener class-name="com.qa.Utils.ExtentReporterNG"/>
	</listeners>
		<classes>
			<class name="com.qa.TestRunner.TestRunner"/>
		</classes>
	</test>
</suite>
